,Elevationa (m),Length (km),Breadth (km),Average Deptha (m),Maximum Deptha (m),Volumea (km3),Water Area (km2),Land Drainage Areab (km2),Total Area (km2),Shoreline Lengthc (km),Retention Time (yr),Outlet Outlet,left-up,lef-down,right-down,right-up
Superior,183,563,257,147,406,12100,82100,127700,209800,4385,191,St. Marys River,"(48.99057766, -92.24770595)","(46.43517183, -92.16469881)","(46.47459248, -84.32534402)","(48.93016539, -84.4071318)"
Michigan,176,494,190,85,282,4920,57800,118000,175800,2633,99,Straits of Mackinac,"(46.22897845, -88.20521498)","(41.60750601, -88.19972181)","(41.64217639, -85.00819349)","(46.2305618, -85.00251263)"
Huron,176,332,245,59,229,3540,59600,134100,193700,6157,22,St. Clair River,"(46.40526359, -84.763874)","(43.07614816, -84.80171647)","(43.06979478, -79.87373863)","(46.09853892, -79.93355375)"
Erie,173,388,92,19,64,484,25700,78000,103700,1402,2.6,Niagara River/ Welland Canal,"(42.80865899, -83.43929641)","(41.34261326, -83.4881252)","(41.35257914, -78.92269619)","(42.89423587, -78.83968905)"
Ontario,74,311,85,86,244,1640,18960,64030,82990,1146,6,St. Lawrence River,"(44.18597098, -79.75643777)","(43.20266513, -79.77230758)","(43.22835316, -76.18466177)","(44.19877154, -76.2444769)"
